Workbook

Sheet Practice Dataset
A1: Product_ID | B1: Product | C1: Category | D1: Units_Sold | E1: Unit_Price_GBP | F1: Revenue | G1: Cumulative Revenue | H1: Cumulative Revenue % | I1: ABC
A2: P022 | B2: Spaghetti 500g | C2: Grocery | D2: 1346 | E2: 8.5 | F2: =D2*E2 -> 11441 | G2: =F2 -> 11441 | H2: =G2/$F$105 -> 0.034260586 | I2: =IF(H2<=80%,"A",IF(H2<=95%,"B","C")) -> A | K2: The chart visually shows:
A3: P042 | B3: Bacon 300g | C3: Meat | D3: 1241 | E3: 8.76 | F3: =D3*E3 -> 10871.16 | G3: =G2+F3 -> 22312.16 | H3: =G3/$F$105 -> 0.066814761 | I3: =IF(H3<=80%,"A",IF(H3<=95%,"B","C")) -> A
A4: P036 | B4: Strawberry Jam 454g | C4: Grocery | D4: 1390 | E4: 6.79 | F4: =D4*E4 -> 9438.1 | G4: =G3+F4 -> 31750.26 | H4: =G4/$F$105 -> 0.095077573 | I4: =IF(H4<=80%,"A",IF(H4<=95%,"B","C")) -> A | K4: Which products contribute most to total revenue?
A5: P083 | B5: Toilet Roll 9pk | C5: Household | D5: 1160 | E5: 8.04 | F5: =D5*E5 -> 9326.4 | G5: =G4+F5 -> 41076.66 | H5: =G5/$F$105 -> 0.1230059 | I5: =IF(H5<=80%,"A",IF(H5<=95%,"B","C")) -> A
A6: P045 | B6: Turkey Mince 500g | C6: Meat | D6: 1396 | E6: 6.25 | F6: =D6*E6 -> 8725 | G6: =G5+F6 -> 49801.66 | H6: =G6/$F$105 -> 0.1491333 | I6: =IF(H6<=80%,"A",IF(H6<=95%,"B","C")) -> A
A7: P085 | B7: Kitchen Foil 30m | C7: Household | D7: 1184 | E7: 7.16 | F7: =D7*E7 -> 8477.44 | G7: =G6+F7 -> 58279.1 | H7: =G7/$F$105 -> 0.17451937 | I7: =IF(H7<=80%,"A",IF(H7<=95%,"B","C")) -> A
A8: P080 | B8: Dishwasher Tablets 30pk | C8: Household | D8: 1170 | E8: 7.24 | F8: =D8*E8 -> 8470.8 | G8: =G7+F8 -> 66749.9 | H8: =G8/$F$105 -> 0.19988556 | I8: =IF(H8<=80%,"A",IF(H8<=95%,"B","C")) -> A
A9: P084 | B9: Bin Bags 20pk | C9: Household | D9: 946 | E9: 8.73 | F9: =D9*E9 -> 8258.58 | G9: =G8+F9 -> 75008.48 | H9: =G9/$F$105 -> 0.22461625 | I9: =IF(H9<=80%,"A",IF(H9<=95%,"B","C")) -> A
A10: P079 | B10: Fabric Conditioner 1L | C10: Household | D10: 1075 | E10: 7.62 | F10: =D10*E10 -> 8191.5 | G10: =G9+F10 -> 83199.98 | H10: =G10/$F$105 -> 0.24914606 | I10: =IF(H10<=80%,"A",IF(H10<=95%,"B","C")) -> A
A11: P087 | B11: Freezer Bags 40pk | C11: Household | D11: 897 | E11: 8.96 | F11: =D11*E11 -> 8037.12 | G11: =G10+F11 -> 91237.1 | H11: =G11/$F$105 -> 0.27321358 | I11: =IF(H11<=80%,"A",IF(H11<=95%,"B","C")) -> A
A12: P100 | B12: Cat Litter 10L | C12: Pet Care | D12: 1249 | E12: 6.03 | F12: =D12*E12 -> 7531.47 | G12: =G11+F12 -> 98768.57 | H12: =G12/$F$105 -> 0.2957669 | I12: =IF(H12<=80%,"A",IF(H12<=95%,"B","C")) -> A
A13: P044 | B13: Lamb Chops 400g | C13: Meat | D13: 1102 | E13: 5.87 | F13: =D13*E13 -> 6468.74 | G13: =G12+F13 -> 105237.31 | H13: =G13/$F$105 -> 0.31513783 | I13: =IF(H13<=80%,"A",IF(H13<=95%,"B","C")) -> A
A14: P028 | B14: Chopped Tomatoes 400g | C14: Grocery | D14: 1008 | E14: 6.33 | F14: =D14*E14 -> 6380.64 | G14: =G13+F14 -> 111617.95 | H14: =G14/$F$105 -> 0.33424494 | I14: =IF(H14<=80%,"A",IF(H14<=95%,"B","C")) -> A
A15: P061 | B15: Orange Juice 1L | C15: Drinks | D15: 1179 | E15: 5.13 | F15: =D15*E15 -> 6048.27 | G15: =G14+F15 -> 117666.22 | H15: =G15/$F$105 -> 0.35235676 | I15: =IF(H15<=80%,"A",IF(H15<=95%,"B","C")) -> A
A16: P072 | B16: Chocolate Box 200g | C16: Snacks | D16: 1166 | E16: 5.13 | F16: =D16*E16 -> 5981.58 | G16: =G15+F16 -> 123647.8 | H16: =G16/$F$105 -> 0.37026887 | I16: =IF(H16<=80%,"A",IF(H16<=95%,"B","C")) -> A
... A32: P062 | B32: Apple Juice 1L | C32: Drinks | D32: 1392 | E32: 2.87 | F32: =D32*E32 -> 3995.04 | G32: =G31+F32 -> 196165.82 | H32: =G32/$F$105 -> 0.58742732 | I32: =IF(H32<=80%,"A",IF(H32<=95%,"B","C")) -> A
A33: P065 | B33: Mineral Water 6x1.5L | C33: Drinks | D33: 619 | E33: 6.35 | F33: =D33*E33 -> 3930.65 | G33: =G32+F33 -> 200096.47 | H33: =G33/$F$105 -> 0.59919783 | I33: =IF(H33<=80%,"A",IF(H33<=95%,"B","C")) -> A | K33: Business Thinking
A34: P068 | B34: Iced Tea 1L | C34: Drinks | D34: 691 | E34: 5.63 | F34: =D34*E34 -> 3890.33 | G34: =G33+F34 -> 203986.8 | H34: =G34/$F$105 -> 0.61084759 | I34: =IF(H34<=80%,"A",IF(H34<=95%,"B","C")) -> A
A35: P098 | B35: Cat Food 12pk | C35: Pet Care | D35: 1074 | E35: 3.5 | F35: =D35*E35 -> 3759 | G35: =G34+F35 -> 207745.8 | H35: =G35/$F$105 -> 0.62210409 | I35: =IF(H35<=80%,"A",IF(H35<=95%,"B","C")) -> A | K35: 103 products analysed
A36: P010 | B36: Mozzarella 125g | C36: Dairy | D36: 999 | E36: 3.73 | F36: =D36*E36 -> 3726.27 | G36: =G35+F36 -> 211472.07 | H36: =G36/$F$105 -> 0.63326257 | I36: =IF(H36<=80%,"A",IF(H36<=95%,"B","C")) -> A
A37: P009 | B37: Plant Based Milk 1L | C37: Dairy | D37: 1196 | E37: 3 | F37: =D37*E37 -> 3588 | G37: =G36+F37 -> 215060.07 | H37: =G37/$F$105 -> 0.644007 | I37: =IF(H37<=80%,"A",IF(H37<=95%,"B","C")) -> A | K37: but:
A38: P037 | B38: Honey 340g | C38: Grocery | D38: 529 | E38: 6.76 | F38: =D38*E38 -> 3576.04 | G38: =G37+F38 -> 218636.11 | H38: =G38/$F$105 -> 0.65471561 | I38: =IF(H38<=80%,"A",IF(H38<=95%,"B","C")) -> A
A39: P047 | B39: Bananas 1kg | C39: Produce | D39: 1229 | E39: 2.89 | F39: =D39*E39 -> 3551.81 | G39: =G38+F39 -> 222187.92 | H39: =G39/$F$105 -> 0.66535166 | I39: =IF(H39<=80%,"A",IF(H39<=95%,"B","C")) -> A | K39: 82 products generate around 70–80% of revenue.
A40: P092 | B40: Shower Gel 500ml | C40: Personal Care | D40: 1214 | E40: 2.88 | F40: =D40*E40 -> 3496.32 | G40: =G39+F40 -> 225684.24 | H40: =G40/$F$105 -> 0.67582155 | I40: =IF(H40<=80%,"A",IF(H40<=95%,"B","C")) -> A
A41: P043 | B41: Beef Steak 400g | C41: Meat | D41: 724 | E41: 4.78 | F41: =D41*E41 -> 3460.72 | G41: =G40+F41 -> 229144.96 | H41: =G41/$F$105 -> 0.68618483 | I41: =IF(H41<=80%,"A",IF(H41<=95%,"B","C")) -> A | K41: The highest-value products should receive closer monitoring because availability problems could have a relatively large impact on sales. Lower-value products can still be monitored, but they may require less management attention.
A42: P086 | B42: Cling Film 30m | C42: Household | D42: 491 | E42: 6.85 | F42: =D42*E42 -> 3363.35 | G42: =G41+F42 -> 232508.31 | H42: =G42/$F$105 -> 0.69625653 | I42: =IF(H42<=80%,"A",IF(H42<=95%,"B","C")) -> A
A43: P082 | B43: Kitchen Roll 4pk | C43: Household | D43: 1205 | E43: 2.74 | F43: =D43*E43 -> 3301.7 | G43: =G42+F43 -> 235810.01 | H43: =G43/$F$105 -> 0.70614362 | I43: =IF(H43<=80%,"A",IF(H43<=95%,"B","C")) -> A
A44: P073 | B44: Biscuits 300g | C44: Snacks | D44: 1306 | E44: 2.46 | F44: =D44*E44 -> 3212.76 | G44: =G43+F44 -> 239022.77 | H44: =G44/$F$105 -> 0.71576437 | I44: =IF(H44<=80%,"A",IF(H44<=95%,"B","C")) -> A
A45: P048 | B45: Oranges 1kg | C45: Produce | D45: 1277 | E45: 2.5 | F45: =D45*E45 -> 3192.5 | G45: =G44+F45 -> 242215.27 | H45: =G45/$F$105 -> 0.72532446 | I45: =IF(H45<=80%,"A",IF(H45<=95%,"B","C")) -> A
A46: P049 | B46: Grapes 500g | C46: Produce | D46: 1275 | E46: 2.4 | F46: =D46*E46 -> 3060 | G46: =G45+F46 -> 245275.27 | H46: =G46/$F$105 -> 0.73448776 | I46: =IF(H46<=80%,"A",IF(H46<=95%,"B","C")) -> A
A47: P102 | B47: Pet Shampoo 250ml | C47: Pet Care | D47: 913 | E47: 3.33 | F47: =D47*E47 -> 3040.29 | G47: =G46+F47 -> 248315.56 | H47: =G47/$F$105 -> 0.74359205 | I47: =IF(H47<=80%,"A",IF(H47<=95%,"B","C")) -> A
A48: P057 | B48: Cucumbers | C48: Produce | D48: 1038 | E48: 2.85 | F48: =D48*E48 -> 2958.3 | G48: =G47+F48 -> 251273.86 | H48: =G48/$F$105 -> 0.75245081 | I48: =IF(H48<=80%,"A",IF(H48<=95%,"B","C")) -> A
A49: P055 | B49: Broccoli 400g | C49: Produce | D49: 944 | E49: 3.09 | F49: =D49*E49 -> 2916.96 | G49: =G48+F49 -> 254190.82 | H49: =G49/$F$105 -> 0.76118578 | I49: =IF(H49<=80%,"A",IF(H49<=95%,"B","C")) -> A
A50: P035 | B50: Peanut Butter 340g | C50: Grocery | D50: 857 | E50: 3.15 | F50: =D50*E50 -> 2699.55 | G50: =G49+F50 -> 256890.37 | H50: =G50/$F$105 -> 0.7692697 | I50: =IF(H50<=80%,"A",IF(H50<=95%,"B","C")) -> A
A51: P094 | B51: Toothbrush 2pk | C51: Personal Care | D51: 1372 | E51: 1.85 | F51: =D51*E51 -> 2538.2 | G51: =G50+F51 -> 259428.57 | H51: =G51/$F$105 -> 0.77687045 | I51: =IF(H51<=80%,"A",IF(H51<=95%,"B","C")) -> A
A52: P008 | B52: Mature Cheddar 500g | C52: Dairy | D52: 1229 | E52: 2.06 | F52: =D52*E52 -> 2531.74 | G52: =G51+F52 -> 261960.31 | H52: =G52/$F$105 -> 0.78445186 | I52: =IF(H52<=80%,"A",IF(H52<=95%,"B","C")) -> A
A53: P099 | B53: Dog Food 1.2kg | C53: Pet Care | D53: 350 | E53: 7.06 | F53: =D53*E53 -> 2471 | G53: =G52+F53 -> 264431.31 | H53: =G53/$F$105 -> 0.79185138 | I53: =IF(H53<=80%,"A",IF(H53<=95%,"B","C")) -> A
... A104: P074 | B104: Digestive Biscuits 400g | C104: Snacks | D104: 119 | E104: 1.5 | F104: =D104*E104 -> 178.5 | G104: =G103+F104 -> 333940.58 | H104: =G104/$F$105 -> 1 | I104: =IF(H104<=80%,"A",IF(H104<=95%,"B","C")) -> C
F105: =SUM(F2:F104) -> 333940.58

Sheet Summary
A1: Management Summary
A3: KPI 1 — Total Revenue
A4: ='Practice Dataset'!F105 -> 333940.58
A5: KPI 2 — Number of Products
A6: =COUNTA('Practice Dataset'!B2:'Practice Dataset'!B104) -> 103
A7: KPI 3 — A Products
A8: =COUNTIF('Practice Dataset'!I2:'Practice Dataset'!I104,"A") -> 53
A9: KPI 4 — B Products
A10: =COUNTIF('Practice Dataset'!I2:'Practice Dataset'!I104,"B") -> 29
A11: KPI 5 — C Products
A12: =COUNTIF('Practice Dataset'!I2:'Practice Dataset'!I104,"C") -> 21
A15: Finding 1
A17: A relatively 50% group of products contributes a large proportion of total revenue.
A19: Finding 2
A21: A products should receive greater attention when considering stock availability and sales monitoring.
A23: Finding 3
A25: C products contribute a smaller share of revenue individually, so management effort can potentially be prioritised elsewhere.

Sheet Instructions
A1: UK Retail ABC Analysis – 100 Item Practice Dataset
A2: Objective | B2: Calculate revenue, rank products, calculate cumulative revenue %, and classify products A/B/C.
A3: Step 1 | B3: Use Practice Dataset. Revenue is already provided as an Excel formula.
A4: Step 2 | B4: Sort the full table by Revenue_GBP from Largest to Smallest.
A5: Step 3 | B5: Add Rank, Cumulative Revenue, Cumulative Revenue %, and ABC Class.
A6: Step 4 | B6: Cumulative Revenue: first row = Revenue; next row = previous cumulative + current Revenue.
A7: Step 5 | B7: Cumulative Revenue % = Cumulative Revenue / Total Revenue.
A8: Step 6 | B8: ABC formula: =IF(F2<=80%,"A",IF(F2<=95%,"B","C")) — adjust the column reference to your cumulative % column.
A9: Step 7 | B9: Create a Pareto/Combo chart: Revenue as columns and Cumulative Revenue % as a line on a secondary axis.
A10: Practice Questions | B10: Which 10 products generate the most revenue? How many A/B/C products? What % of revenue comes from A products? Which category contributes most revenue?
